Sequence_ID,Cluster,Novelty,Confidence,Category,Function
Sequence_0,0,0.0,0.9228,Known-like,Unknown/General
Sequence_1,0,0.0,0.9228,Known-like,Unknown/General
Sequence_2,0,0.0,0.9228,Known-like,Unknown/General
Sequence_3,0,0.0,0.9228,Known-like,Unknown/General
Sequence_4,0,0.0,0.9228,Known-like,Unknown/General
Sequence_5,0,0.0,0.9228,Known-like,Unknown/General
Sequence_6,0,0.0,0.9228,Known-like,Unknown/General
Sequence_7,0,0.0,0.9228,Known-like,Unknown/General
Sequence_8,0,0.0,0.9228,Known-like,Unknown/General
Sequence_9,0,0.0,0.9228,Known-like,Unknown/General
Sequence_10,0,0.118,0.8429,Known-like,Unknown/General
Sequence_11,0,0.0798,0.8672,Known-like,Unknown/General
Sequence_12,0,0.1213,0.8409,Known-like,Unknown/General
Sequence_13,0,0.0,0.9228,Known-like,Unknown/General
Sequence_14,0,0.0,0.9228,Known-like,Unknown/General
Sequence_15,0,0.0,0.9228,Known-like,Unknown/General
Sequence_16,0,0.1024,0.8527,Known-like,Unknown/General
Sequence_17,0,0.0,0.9228,Known-like,Unknown/General
Sequence_18,0,0.0,0.9228,Known-like,Unknown/General
Sequence_19,0,0.1144,0.8451,Known-like,Unknown/General
Sequence_20,0,0.0,0.9228,Known-like,Unknown/General
Sequence_21,0,0.2664,0.7601,Known-like,Unknown/General
Sequence_22,0,0.0,0.9228,Known-like,Unknown/General
Sequence_23,0,0.1293,0.836,Known-like,Unknown/General
Sequence_24,0,0.1159,0.8442,Known-like,Unknown/General
Sequence_25,0,0.0,0.9228,Known-like,Unknown/General
Sequence_26,0,0.1277,0.8369,Known-like,Unknown/General
Sequence_27,0,0.0,0.9228,Known-like,Unknown/General
Sequence_28,0,0.2075,0.791,Known-like,Unknown/General
Sequence_29,0,0.0,0.9228,Known-like,Unknown/General
Sequence_30,0,0.0,0.9228,Known-like,Unknown/General
Sequence_31,0,0.0,0.9228,Known-like,Unknown/General
Sequence_32,0,0.0,0.9228,Known-like,Unknown/General
Sequence_33,0,0.0,0.9228,Known-like,Unknown/General
Sequence_34,0,0.0,0.9228,Known-like,Unknown/General
Sequence_35,0,0.1195,0.842,Known-like,Unknown/General
Sequence_36,0,0.236,0.7757,Known-like,Unknown/General
Sequence_37,0,0.0,0.9228,Known-like,Unknown/General
Sequence_38,0,0.0,0.9228,Known-like,Unknown/General
Sequence_39,0,0.1144,0.8451,Known-like,Unknown/General
Sequence_40,0,0.1285,0.8365,Known-like,Unknown/General
Sequence_41,0,0.0,0.9228,Known-like,Unknown/General
Sequence_42,0,0.0,0.9228,Known-like,Unknown/General
Sequence_43,0,0.0,0.9228,Known-like,Unknown/General
Sequence_44,0,0.0,0.9228,Known-like,Unknown/General
Sequence_45,0,0.0,0.9228,Known-like,Unknown/General
Sequence_46,0,0.0,0.9228,Known-like,Unknown/General
Sequence_47,0,0.0,0.9228,Known-like,Unknown/General
Sequence_48,0,0.0,0.9228,Known-like,Unknown/General
Sequence_49,0,0.0,0.9228,Known-like,Unknown/General
Sequence_50,0,0.0,0.9228,Known-like,Unknown/General
Sequence_51,0,0.0,0.9228,Known-like,Unknown/General
Sequence_52,0,0.0,0.9228,Known-like,Unknown/General
Sequence_53,0,0.1315,0.8346,Known-like,Unknown/General
Sequence_54,0,0.118,0.8429,Known-like,Unknown/General
Sequence_55,0,0.0,0.9228,Known-like,Unknown/General
Sequence_56,0,0.0,0.9228,Known-like,Unknown/General
Sequence_57,0,0.0,0.9228,Known-like,Unknown/General
Sequence_58,0,0.0,0.9228,Known-like,Unknown/General
Sequence_59,0,0.0,0.9228,Known-like,Unknown/General
Sequence_60,0,0.1195,0.842,Known-like,Unknown/General
Sequence_61,0,0.0508,0.8866,Known-like,Unknown/General
Sequence_62,0,0.1258,0.8381,Known-like,Unknown/General
Sequence_63,0,0.1277,0.8369,Known-like,Unknown/General
Sequence_64,0,0.0,0.9228,Known-like,Unknown/General
Sequence_65,0,0.0,0.9228,Known-like,Unknown/General
Sequence_66,0,0.0,0.9228,Known-like,Unknown/General
Sequence_67,0,0.0,0.9228,Known-like,Unknown/General
Sequence_68,0,0.0,0.9228,Known-like,Unknown/General
Sequence_69,0,0.0,0.9228,Known-like,Unknown/General
Sequence_70,0,0.0,0.9228,Known-like,Unknown/General
Sequence_71,0,0.0,0.9228,Known-like,Unknown/General
Sequence_72,0,0.0,0.9228,Known-like,Unknown/General
Sequence_73,0,0.0,0.9228,Known-like,Unknown/General
Sequence_74,0,0.0,0.9228,Known-like,Unknown/General
Sequence_75,0,0.1242,0.8391,Known-like,Unknown/General
Sequence_76,0,0.0,0.9228,Known-like,Unknown/General
Sequence_77,0,0.0,0.9228,Known-like,Unknown/General
Sequence_78,0,0.0,0.9228,Known-like,Unknown/General
Sequence_79,0,0.0944,0.8578,Known-like,Unknown/General
Sequence_80,0,0.118,0.8429,Known-like,Unknown/General
Sequence_81,0,0.0,0.9228,Known-like,Unknown/General
Sequence_82,0,0.0,0.9228,Known-like,Unknown/General
Sequence_83,0,0.1293,0.836,Known-like,Unknown/General
Sequence_84,0,0.0,0.9228,Known-like,Unknown/General
Sequence_85,0,0.1213,0.8409,Known-like,Unknown/General
Sequence_86,0,0.0,0.9228,Known-like,Unknown/General
Sequence_87,0,0.1441,0.8271,Known-like,Unknown/General
Sequence_88,0,0.0,0.9228,Known-like,Unknown/General
Sequence_89,0,0.0,0.9228,Known-like,Unknown/General
Sequence_90,0,0.0,0.9228,Known-like,Unknown/General
Sequence_91,0,0.0,0.9228,Known-like,Unknown/General
Sequence_92,0,0.0,0.9228,Known-like,Unknown/General
Sequence_93,0,0.0,0.9228,Known-like,Unknown/General
Sequence_94,0,0.1233,0.8396,Known-like,Unknown/General
Sequence_95,0,0.0757,0.8699,Known-like,Unknown/General
Sequence_96,0,0.1414,0.8287,Known-like,Unknown/General
Sequence_97,0,0.0863,0.863,Known-like,Unknown/General
Sequence_98,0,0.0,0.9228,Known-like,Unknown/General
Sequence_99,0,0.0,0.9228,Known-like,Unknown/General
Sequence_100,0,0.1213,0.8409,Known-like,Unknown/General
Sequence_101,0,0.0,0.9228,Known-like,Unknown/General
Sequence_102,0,0.1195,0.842,Known-like,Unknown/General
Sequence_103,0,0.0,0.9228,Known-like,Unknown/General
Sequence_104,0,0.1213,0.8409,Known-like,Unknown/General
Sequence_105,0,0.0,0.9228,Known-like,Unknown/General
Sequence_106,0,0.0,0.9228,Known-like,Unknown/General
Sequence_107,0,0.1233,0.8396,Known-like,Unknown/General
Sequence_108,0,0.0,0.9228,Known-like,Unknown/General
Sequence_109,0,0.0,0.9228,Known-like,Unknown/General
Sequence_110,0,0.1226,0.8401,Known-like,Unknown/General
Sequence_111,0,0.0,0.9228,Known-like,Unknown/General
Sequence_112,0,0.0,0.9228,Known-like,Unknown/General
Sequence_113,0,0.0,0.9228,Known-like,Unknown/General
Sequence_114,0,0.0,0.9228,Known-like,Unknown/General
Sequence_115,0,0.1196,0.8419,Known-like,Unknown/General
Sequence_116,0,0.0,0.9228,Known-like,Unknown/General
Sequence_117,0,0.0,0.9228,Known-like,Unknown/General
Sequence_118,0,0.0,0.9228,Known-like,Unknown/General
Sequence_119,0,0.0,0.9228,Known-like,Unknown/General
Sequence_120,0,0.0,0.9228,Known-like,Unknown/General
Sequence_121,0,0.0,0.9228,Known-like,Unknown/General
Sequence_122,0,0.0,0.9228,Known-like,Unknown/General
Sequence_123,0,0.1283,0.8366,Known-like,Unknown/General
Sequence_124,0,0.0,0.9228,Known-like,Unknown/General
Sequence_125,0,0.0,0.9228,Known-like,Unknown/General
Sequence_126,0,0.0,0.9228,Known-like,Unknown/General
Sequence_127,0,0.0,0.9228,Known-like,Unknown/General
Sequence_128,0,0.0,0.9228,Known-like,Unknown/General
Sequence_129,0,0.0,0.9228,Known-like,Unknown/General
Sequence_130,0,0.0,0.9228,Known-like,Unknown/General
Sequence_131,0,0.0,0.9228,Known-like,Unknown/General
Sequence_132,0,0.0,0.9228,Known-like,Unknown/General
Sequence_133,0,0.1196,0.8419,Known-like,Unknown/General
Sequence_134,0,0.0,0.9228,Known-like,Unknown/General
Sequence_135,0,0.1236,0.8395,Known-like,Unknown/General
Sequence_136,0,0.0,0.9228,Known-like,Unknown/General
Sequence_137,0,0.1144,0.8451,Known-like,Unknown/General
Sequence_138,0,0.0,0.9228,Known-like,Unknown/General
Sequence_139,0,0.0,0.9228,Known-like,Unknown/General
Sequence_140,0,0.0,0.9228,Known-like,Unknown/General
Sequence_141,0,0.118,0.8429,Known-like,Unknown/General
Sequence_142,0,0.0,0.9228,Known-like,Unknown/General
Sequence_143,0,0.0,0.9228,Known-like,Unknown/General
Sequence_144,0,0.0,0.9228,Known-like,Unknown/General
Sequence_145,0,0.0,0.9228,Known-like,Unknown/General
Sequence_146,0,0.0,0.9228,Known-like,Unknown/General
Sequence_147,0,0.0,0.9228,Known-like,Unknown/General
Sequence_148,0,0.0,0.9228,Known-like,Unknown/General
Sequence_149,0,0.0,0.9228,Known-like,Unknown/General
Sequence_150,0,0.0,0.9228,Known-like,Unknown/General
Sequence_151,0,0.0,0.9228,Known-like,Unknown/General
Sequence_152,0,0.1236,0.8395,Known-like,Unknown/General
Sequence_153,0,0.1159,0.8442,Known-like,Unknown/General
Sequence_154,0,0.1349,0.8326,Known-like,Unknown/General
Sequence_155,0,0.1196,0.8419,Known-like,Unknown/General
Sequence_156,0,0.0,0.9228,Known-like,Unknown/General
Sequence_157,0,0.0,0.9228,Known-like,Unknown/General
Sequence_158,0,0.0,0.9228,Known-like,Unknown/General
Sequence_159,0,0.0,0.9228,Known-like,Unknown/General
Sequence_160,0,0.0,0.9228,Known-like,Unknown/General
Sequence_161,0,0.1226,0.8401,Known-like,Unknown/General
Sequence_162,0,0.1277,0.8369,Known-like,Unknown/General
Sequence_163,0,0.2475,0.7697,Known-like,Unknown/General
Sequence_164,0,0.0,0.9228,Known-like,Unknown/General
Sequence_165,0,0.0,0.9228,Known-like,Unknown/General
Sequence_166,0,0.1195,0.842,Known-like,Unknown/General
Sequence_167,0,0.0,0.9228,Known-like,Unknown/General
Sequence_168,0,0.0,0.9228,Known-like,Unknown/General
Sequence_169,0,0.0,0.9228,Known-like,Unknown/General
Sequence_170,0,0.0,0.9228,Known-like,Unknown/General
Sequence_171,0,0.0,0.9228,Known-like,Unknown/General
Sequence_172,0,0.0,0.9228,Known-like,Unknown/General
Sequence_173,0,0.0,0.9228,Known-like,Unknown/General
Sequence_174,0,0.0,0.9228,Known-like,Unknown/General
Sequence_175,0,0.0,0.9228,Known-like,Unknown/General
Sequence_176,0,0.1236,0.8395,Known-like,Unknown/General
Sequence_177,0,0.0,0.9228,Known-like,Unknown/General
Sequence_178,0,0.0,0.9228,Known-like,Unknown/General
Sequence_179,0,0.0,0.9228,Known-like,Unknown/General
Sequence_180,0,0.0,0.9228,Known-like,Unknown/General
Sequence_181,0,0.0,0.9228,Known-like,Unknown/General
Sequence_182,0,0.0,0.9228,Known-like,Unknown/General
Sequence_183,0,0.0,0.9228,Known-like,Unknown/General
Sequence_184,0,0.0,0.9228,Known-like,Unknown/General
Sequence_185,0,0.0,0.9228,Known-like,Unknown/General
Sequence_186,0,0.118,0.8429,Known-like,Unknown/General
Sequence_187,0,0.1233,0.8396,Known-like,Unknown/General
Sequence_188,0,0.0,0.9228,Known-like,Unknown/General
Sequence_189,0,0.1242,0.8391,Known-like,Unknown/General
Sequence_190,0,0.1213,0.8409,Known-like,Unknown/General
Sequence_191,0,0.0,0.9228,Known-like,Unknown/General
Sequence_192,0,0.0,0.9228,Known-like,Unknown/General
Sequence_193,0,0.1541,0.8211,Known-like,Unknown/General
Sequence_194,0,0.0,0.9228,Known-like,Unknown/General
Sequence_195,0,0.0,0.9228,Known-like,Unknown/General
Sequence_196,0,0.0,0.9228,Known-like,Unknown/General
Sequence_197,0,0.1144,0.8451,Known-like,Unknown/General
Sequence_198,0,0.1242,0.8391,Known-like,Unknown/General
Sequence_199,0,0.1315,0.8346,Known-like,Unknown/General
Sequence_200,0,0.1659,0.8143,Known-like,Unknown/General
Sequence_201,0,0.4068,0.6955,Known-like,Unknown/General
Sequence_202,0,0.3312,0.7289,Known-like,Unknown/General
Sequence_203,0,0.5057,0.6562,Similar,Unknown/General
Sequence_204,0,0.2697,0.7585,Known-like,Unknown/General
Sequence_205,0,0.7679,0.5707,Similar,Unknown/General
Sequence_206,0,0.5689,0.6333,Similar,Unknown/General
Sequence_207,0,0.2097,0.7898,Known-like,Unknown/General
Sequence_208,0,0.4454,0.6796,Known-like,Unknown/General
Sequence_209,0,0.2025,0.7937,Known-like,Unknown/General
Sequence_210,0,0.4377,0.6827,Known-like,Unknown/General
Sequence_211,0,0.2904,0.7482,Known-like,Unknown/General
Sequence_212,0,0.3831,0.7056,Known-like,Unknown/General
Sequence_213,0,0.5684,0.6335,Similar,Unknown/General
Sequence_214,0,0.4537,0.6763,Similar,Unknown/General
Sequence_215,0,0.3637,0.7141,Known-like,Unknown/General
Sequence_216,0,0.1315,0.8346,Known-like,Unknown/General
Sequence_217,0,0.2403,0.7735,Known-like,Unknown/General
Sequence_218,0,0.5323,0.6463,Similar,Unknown/General
Sequence_219,0,0.5246,0.6492,Similar,Unknown/General
Sequence_220,0,0.2364,0.7755,Known-like,Unknown/General
Sequence_221,0,0.4844,0.6643,Similar,Unknown/General
Sequence_222,0,0.8318,0.5531,Similar,Unknown/General
Sequence_223,0,0.2583,0.7642,Known-like,Unknown/General
Sequence_224,0,0.402,0.6975,Known-like,Unknown/General
Sequence_225,0,0.383,0.7057,Known-like,Unknown/General
Sequence_226,0,0.1673,0.8135,Known-like,Unknown/General
Sequence_227,0,0.2253,0.7814,Known-like,Unknown/General
Sequence_228,0,0.7758,0.5685,Similar,Unknown/General
Sequence_229,0,0.3816,0.7063,Known-like,Unknown/General
Sequence_230,0,0.2791,0.7538,Known-like,Unknown/General
Sequence_231,0,0.403,0.6971,Known-like,Unknown/General
Sequence_232,0,0.1283,0.8366,Known-like,Unknown/General
Sequence_233,0,0.3505,0.7201,Known-like,Unknown/General
Sequence_234,0,0.294,0.7465,Known-like,Unknown/General
Sequence_235,0,0.4578,0.6747,Similar,Unknown/General
Sequence_236,0,0.2821,0.7523,Known-like,Unknown/General
Sequence_237,0,0.1226,0.8401,Known-like,Unknown/General
Sequence_238,0,0.3122,0.7377,Known-like,Unknown/General
Sequence_239,0,0.7973,0.5625,Similar,Bioactive-like
Sequence_240,0,0.3025,0.7424,Known-like,Unknown/General
Sequence_241,0,0.6132,0.6182,Similar,Unknown/General
Sequence_242,0,0.3565,0.7174,Known-like,Unknown/General
Sequence_243,0,0.1203,0.8415,Known-like,Unknown/General
Sequence_244,0,0.2839,0.7514,Known-like,Unknown/General
Sequence_245,0,0.5396,0.6437,Similar,Unknown/General
Sequence_246,0,0.0996,0.8544,Known-like,Unknown/General
Sequence_247,0,0.1236,0.8395,Known-like,Unknown/General
Sequence_248,0,0.4708,0.6695,Similar,Unknown/General
Sequence_249,0,0.4209,0.6896,Known-like,Unknown/General
Sequence_250,0,0.3082,0.7397,Known-like,Unknown/General
Sequence_251,0,0.3641,0.714,Known-like,Unknown/General
Sequence_252,0,0.4191,0.6903,Known-like,Unknown/General
Sequence_253,0,0.2714,0.7576,Known-like,Unknown/General
Sequence_254,0,0.3698,0.7114,Known-like,Unknown/General
Sequence_255,0,0.44,0.6818,Known-like,Unknown/General
Sequence_256,0,0.3283,0.7302,Known-like,Unknown/General
Sequence_257,0,0.3773,0.7081,Known-like,Unknown/General
Sequence_258,0,0.6874,0.5945,Similar,Unknown/General
Sequence_259,0,0.5752,0.6311,Similar,Unknown/General
Sequence_260,0,0.4842,0.6643,Similar,Unknown/General
Sequence_261,0,0.415,0.6921,Known-like,Unknown/General
Sequence_262,0,0.4524,0.6768,Similar,Unknown/General
Sequence_263,0,0.2446,0.7713,Known-like,Unknown/General
Sequence_264,0,0.1407,0.8291,Known-like,Unknown/General
Sequence_265,0,0.2926,0.7471,Known-like,Unknown/General
Sequence_266,0,0.1451,0.8265,Known-like,Unknown/General
Sequence_267,0,0.7773,0.568,Similar,Bioactive-like
Sequence_268,0,0.2934,0.7468,Known-like,Unknown/General
Sequence_269,0,0.0,0.9228,Known-like,Unknown/General
Sequence_270,0,0.3759,0.7087,Known-like,Unknown/General
Sequence_271,0,0.65,0.6062,Similar,Unknown/General
Sequence_272,0,0.1233,0.8396,Known-like,Unknown/General
Sequence_273,0,0.1482,0.8246,Known-like,Unknown/General
Sequence_274,0,0.5536,0.6387,Similar,Unknown/General
Sequence_275,0,0.436,0.6834,Known-like,Unknown/General
Sequence_276,0,0.3798,0.707,Known-like,Unknown/General
Sequence_277,0,0.4497,0.6779,Similar,Unknown/General
Sequence_278,0,0.5026,0.6573,Similar,Unknown/General
Sequence_279,0,0.0,0.9228,Known-like,Unknown/General
Sequence_280,0,0.2701,0.7582,Known-like,Unknown/General
Sequence_281,0,0.3282,0.7303,Known-like,Unknown/General
Sequence_282,0,0.1735,0.8099,Known-like,Unknown/General
Sequence_283,0,0.576,0.6308,Similar,AT-rich (structural)
Sequence_284,0,0.3801,0.7069,Known-like,Unknown/General
Sequence_285,0,0.6068,0.6203,Similar,Unknown/General
Sequence_286,0,0.3696,0.7115,Known-like,Unknown/General
Sequence_287,0,0.2143,0.7873,Known-like,Unknown/General
Sequence_288,0,0.2376,0.7749,Known-like,Unknown/General
Sequence_289,0,0.351,0.7198,Known-like,Unknown/General
Sequence_290,0,0.4641,0.6721,Similar,Unknown/General
Sequence_291,0,0.0922,0.8592,Known-like,Unknown/General
Sequence_292,0,0.3329,0.728,Known-like,Unknown/General
Sequence_293,0,0.1293,0.836,Known-like,Unknown/General
Sequence_294,0,0.1236,0.8395,Known-like,Unknown/General
Sequence_295,0,0.3786,0.7076,Known-like,Unknown/General
Sequence_296,0,0.4111,0.6937,Known-like,Unknown/General
Sequence_297,0,0.5159,0.6524,Similar,Unknown/General
Sequence_298,0,0.4538,0.6762,Similar,Unknown/General
Sequence_299,0,0.5401,0.6435,Similar,Unknown/General
Sequence_300,0,0.7232,0.5836,Similar,Unknown/General
Sequence_301,0,0.2115,0.7888,Known-like,Unknown/General
Sequence_302,0,0.1926,0.7992,Known-like,Unknown/General
Sequence_303,0,0.1879,0.8018,Known-like,Unknown/General
Sequence_304,0,0.1144,0.8451,Known-like,Unknown/General
Sequence_305,0,0.1997,0.7952,Known-like,Unknown/General
Sequence_306,0,0.1196,0.8419,Known-like,Unknown/General
Sequence_307,0,0.4563,0.6752,Similar,Unknown/General
Sequence_308,0,0.0,0.9228,Known-like,Unknown/General
Sequence_309,0,0.1452,0.8264,Known-like,Unknown/General
Sequence_310,0,0.3586,0.7164,Known-like,Unknown/General
Sequence_311,0,0.1041,0.8516,Known-like,Unknown/General
Sequence_312,0,0.1566,0.8197,Known-like,Unknown/General
Sequence_313,0,0.5235,0.6496,Similar,Unknown/General
Sequence_314,0,0.1226,0.8401,Known-like,Unknown/General
Sequence_315,0,0.4765,0.6673,Similar,Unknown/General
Sequence_316,0,0.7029,0.5897,Similar,Unknown/General
Sequence_317,0,0.211,0.7891,Known-like,Unknown/General
Sequence_318,0,0.3903,0.7025,Known-like,Unknown/General
Sequence_319,0,0.4628,0.6727,Similar,Unknown/General
Sequence_320,0,0.2203,0.784,Known-like,Unknown/General
Sequence_321,0,0.4666,0.6712,Similar,Unknown/General
Sequence_322,0,0.2988,0.7442,Known-like,Unknown/General
Sequence_323,0,0.4059,0.6959,Known-like,Unknown/General
Sequence_324,0,0.322,0.7331,Known-like,Unknown/General
Sequence_325,0,0.4113,0.6936,Known-like,Unknown/General
Sequence_326,0,0.3593,0.7161,Known-like,Unknown/General
Sequence_327,0,0.0999,0.8543,Known-like,Unknown/General
Sequence_328,0,0.2255,0.7813,Known-like,Unknown/General
Sequence_329,0,0.1242,0.8391,Known-like,Unknown/General
Sequence_330,0,0.3637,0.7141,Known-like,Unknown/General
Sequence_331,0,0.4674,0.6709,Similar,Unknown/General
Sequence_332,0,0.4324,0.6849,Known-like,Unknown/General
Sequence_333,0,0.3673,0.7125,Known-like,Unknown/General
Sequence_334,0,0.1716,0.811,Known-like,Unknown/General
Sequence_335,0,0.2484,0.7693,Known-like,Unknown/General
Sequence_336,0,0.5147,0.6528,Similar,Unknown/General
Sequence_337,0,0.206,0.7918,Known-like,Unknown/General
Sequence_338,0,0.5506,0.6398,Similar,Unknown/General
Sequence_339,0,0.1729,0.8103,Known-like,Unknown/General
Sequence_340,0,0.2161,0.7863,Known-like,Unknown/General
Sequence_341,0,0.3272,0.7307,Known-like,Unknown/General
Sequence_342,0,0.2205,0.7839,Known-like,Unknown/General
Sequence_343,2,0.955,0.5221,Potentially novel,Bioactive-like
Sequence_344,0,0.3429,0.7235,Known-like,Unknown/General
Sequence_345,0,0.2208,0.7838,Known-like,Unknown/General
Sequence_346,0,0.2082,0.7906,Known-like,Unknown/General
Sequence_347,0,0.6297,0.6128,Similar,Unknown/General
Sequence_348,0,0.1242,0.8391,Known-like,Unknown/General
Sequence_349,0,0.49,0.6621,Similar,Unknown/General
Sequence_350,0,0.3742,0.7095,Known-like,Unknown/General
Sequence_351,0,0.4098,0.6942,Known-like,Unknown/General
Sequence_352,0,0.2337,0.777,Known-like,Unknown/General
Sequence_353,0,0.2879,0.7495,Known-like,Unknown/General
Sequence_354,0,0.2065,0.7915,Known-like,Unknown/General
Sequence_355,0,0.3586,0.7164,Known-like,Unknown/General
Sequence_356,0,0.3374,0.726,Known-like,Unknown/General
Sequence_357,0,0.7808,0.5671,Similar,Unknown/General
Sequence_358,0,0.1277,0.8369,Known-like,Unknown/General
Sequence_359,0,0.308,0.7398,Known-like,Unknown/General
Sequence_360,0,0.2654,0.7606,Known-like,Unknown/General
Sequence_361,0,0.3686,0.7119,Known-like,Unknown/General
Sequence_362,0,0.2901,0.7484,Known-like,Unknown/General
Sequence_363,0,0.4121,0.6933,Known-like,Unknown/General
Sequence_364,0,0.3657,0.7132,Known-like,Unknown/General
Sequence_365,0,0.437,0.683,Known-like,Unknown/General
Sequence_366,0,0.4025,0.6973,Known-like,Unknown/General
Sequence_367,0,0.4872,0.6632,Similar,Unknown/General
Sequence_368,0,0.0744,0.8708,Known-like,Unknown/General
Sequence_369,0,0.0,0.9228,Known-like,Unknown/General
Sequence_370,0,0.2711,0.7577,Known-like,Unknown/General
Sequence_371,0,0.3199,0.7341,Known-like,Unknown/General
Sequence_372,0,0.5065,0.6559,Similar,Unknown/General
Sequence_373,0,0.5162,0.6523,Similar,AT-rich (structural)
Sequence_374,0,0.1159,0.8442,Known-like,Unknown/General
Sequence_375,0,0.1518,0.8225,Known-like,Unknown/General
Sequence_376,0,0.2394,0.774,Known-like,Unknown/General
Sequence_377,0,0.2646,0.761,Known-like,Unknown/General
Sequence_378,0,0.616,0.6173,Similar,Unknown/General
Sequence_379,0,0.1422,0.8282,Known-like,Unknown/General
Sequence_380,0,0.4829,0.6648,Similar,Unknown/General
Sequence_381,0,0.856,0.5467,Potentially novel,Unknown/General
Sequence_382,0,0.2556,0.7656,Known-like,Unknown/General
Sequence_383,0,0.4113,0.6936,Known-like,Unknown/General
Sequence_384,0,0.4037,0.6968,Known-like,Unknown/General
Sequence_385,0,0.329,0.7299,Known-like,Unknown/General
Sequence_386,0,0.3194,0.7343,Known-like,Unknown/General
Sequence_387,0,0.0,0.9228,Known-like,Unknown/General
Sequence_388,0,0.2099,0.7897,Known-like,Unknown/General
Sequence_389,0,0.3514,0.7196,Known-like,Unknown/General
Sequence_390,0,0.1862,0.8027,Known-like,Unknown/General
Sequence_391,0,0.3588,0.7163,Known-like,Unknown/General
Sequence_392,0,0.6866,0.5947,Similar,Unknown/General
Sequence_393,0,0.4878,0.663,Similar,Unknown/General
Sequence_394,0,0.28,0.7533,Known-like,Unknown/General
Sequence_395,0,0.4945,0.6604,Similar,Unknown/General
Sequence_396,0,0.3652,0.7135,Known-like,Unknown/General
Sequence_397,0,0.2806,0.753,Known-like,Unknown/General
Sequence_398,0,0.1057,0.8506,Known-like,Unknown/General
Sequence_399,0,0.1534,0.8215,Known-like,Unknown/General
Sequence_400,1,0.9564,0.5218,Potentially novel,Bioactive-like
Sequence_401,2,0.9801,0.5163,Potentially novel,Bioactive-like
Sequence_402,1,0.9655,0.5197,Potentially novel,Enzyme-like
Sequence_403,2,0.9347,0.527,Potentially novel,Bioactive-like
Sequence_404,1,0.9691,0.5188,Potentially novel,Bioactive-like
Sequence_405,2,0.9666,0.5194,Potentially novel,Enzyme-like
Sequence_406,2,0.9873,0.5146,Potentially novel,Bioactive-like
Sequence_407,2,0.9545,0.5223,Potentially novel,Bioactive-like
Sequence_408,2,0.9725,0.518,Potentially novel,Bioactive-like
Sequence_409,1,0.9572,0.5216,Potentially novel,Bioactive-like
Sequence_410,1,0.9607,0.5208,Potentially novel,Bioactive-like
Sequence_411,2,0.9501,0.5233,Potentially novel,Bioactive-like
Sequence_412,1,0.9747,0.5175,Potentially novel,Bioactive-like
Sequence_413,1,0.9781,0.5167,Potentially novel,Bioactive-like
Sequence_414,2,0.9415,0.5254,Potentially novel,Bioactive-like
Sequence_415,1,0.9576,0.5215,Potentially novel,Bioactive-like
Sequence_416,1,0.962,0.5205,Potentially novel,Bioactive-like
Sequence_417,1,0.9702,0.5186,Potentially novel,Bioactive-like
Sequence_418,1,0.9758,0.5172,Potentially novel,Bioactive-like
Sequence_419,2,0.9745,0.5176,Potentially novel,Bioactive-like
Sequence_420,2,0.9723,0.5181,Potentially novel,Bioactive-like
Sequence_421,2,0.9347,0.527,Potentially novel,Bioactive-like
Sequence_422,1,0.9741,0.5176,Potentially novel,Bioactive-like
Sequence_423,1,0.9836,0.5154,Potentially novel,Bioactive-like
Sequence_424,2,0.9689,0.5189,Potentially novel,Bioactive-like
Sequence_425,2,0.9807,0.5161,Potentially novel,Bioactive-like
Sequence_426,2,0.9347,0.527,Potentially novel,Bioactive-like
Sequence_427,2,0.9574,0.5216,Potentially novel,Bioactive-like
Sequence_428,1,0.9588,0.5212,Potentially novel,Bioactive-like
Sequence_429,1,0.9621,0.5205,Potentially novel,Bioactive-like
Sequence_430,1,0.9924,0.5134,Potentially novel,Enzyme-like
Sequence_431,1,0.9828,0.5156,Potentially novel,Bioactive-like
Sequence_432,2,0.9688,0.5189,Potentially novel,Bioactive-like
Sequence_433,1,0.9606,0.5208,Potentially novel,Bioactive-like
Sequence_434,2,0.9722,0.5181,Potentially novel,Bioactive-like
Sequence_435,1,0.9637,0.5201,Potentially novel,Bioactive-like
Sequence_436,2,0.965,0.5198,Potentially novel,Bioactive-like
Sequence_437,1,0.949,0.5236,Potentially novel,Bioactive-like
Sequence_438,2,0.9674,0.5192,Potentially novel,Bioactive-like
Sequence_439,1,0.9652,0.5197,Potentially novel,Bioactive-like
Sequence_440,2,0.9746,0.5175,Potentially novel,Bioactive-like
Sequence_441,1,0.9937,0.5131,Potentially novel,Bioactive-like
Sequence_442,1,0.9865,0.5148,Potentially novel,Bioactive-like
Sequence_443,1,0.9646,0.5199,Potentially novel,Bioactive-like
Sequence_444,2,0.9546,0.5222,Potentially novel,Bioactive-like
Sequence_445,2,0.9624,0.5204,Potentially novel,Bioactive-like
Sequence_446,2,0.9604,0.5209,Potentially novel,Bioactive-like
Sequence_447,2,0.9799,0.5163,Potentially novel,Bioactive-like
Sequence_448,2,0.9579,0.5215,Potentially novel,Bioactive-like
Sequence_449,1,0.9589,0.5212,Potentially novel,Enzyme-like
Sequence_450,2,0.9552,0.5221,Potentially novel,Bioactive-like
Sequence_451,1,0.9721,0.5181,Potentially novel,Bioactive-like
Sequence_452,2,0.9831,0.5156,Potentially novel,Bioactive-like
Sequence_453,2,0.9613,0.5206,Potentially novel,Bioactive-like
Sequence_454,1,0.9685,0.519,Potentially novel,Bioactive-like
Sequence_455,2,0.9688,0.5189,Potentially novel,Bioactive-like
Sequence_456,1,0.9667,0.5194,Potentially novel,Bioactive-like
Sequence_457,2,0.9276,0.5287,Potentially novel,Bioactive-like
Sequence_458,1,0.975,0.5174,Potentially novel,Bioactive-like
Sequence_459,1,0.9629,0.5203,Potentially novel,Bioactive-like
Sequence_460,2,0.9596,0.521,Potentially novel,Bioactive-like
Sequence_461,1,0.974,0.5177,Potentially novel,Bioactive-like
Sequence_462,1,0.9596,0.5211,Potentially novel,Bioactive-like
Sequence_463,1,0.9781,0.5167,Potentially novel,Bioactive-like
Sequence_464,1,0.9552,0.5221,Potentially novel,Bioactive-like
Sequence_465,1,0.9713,0.5183,Potentially novel,Bioactive-like
Sequence_466,1,0.968,0.5191,Potentially novel,Bioactive-like
Sequence_467,2,0.9537,0.5225,Potentially novel,Bioactive-like
Sequence_468,1,0.9696,0.5187,Potentially novel,Enzyme-like
Sequence_469,2,0.9331,0.5274,Potentially novel,Bioactive-like
Sequence_470,1,0.9622,0.5204,Potentially novel,Bioactive-like
Sequence_471,2,0.9827,0.5156,Potentially novel,Bioactive-like
Sequence_472,1,0.9623,0.5204,Potentially novel,Bioactive-like
Sequence_473,1,0.9668,0.5194,Potentially novel,Bioactive-like
Sequence_474,2,0.9455,0.5244,Potentially novel,Bioactive-like
Sequence_475,1,0.9586,0.5213,Potentially novel,Bioactive-like
Sequence_476,2,0.9707,0.5184,Potentially novel,Bioactive-like
Sequence_477,2,0.9763,0.5171,Potentially novel,Bioactive-like
Sequence_478,1,0.9691,0.5188,Potentially novel,Bioactive-like
Sequence_479,2,0.9574,0.5216,Potentially novel,Bioactive-like
Sequence_480,1,0.9591,0.5212,Potentially novel,Bioactive-like
Sequence_481,1,0.9904,0.5139,Potentially novel,Bioactive-like
Sequence_482,1,0.9891,0.5142,Potentially novel,Bioactive-like
Sequence_483,2,0.9562,0.5219,Potentially novel,Bioactive-like
Sequence_484,1,0.963,0.5202,Potentially novel,Bioactive-like
Sequence_485,1,0.9536,0.5225,Potentially novel,Enzyme-like
Sequence_486,1,0.9485,0.5237,Potentially novel,Enzyme-like
Sequence_487,1,0.9575,0.5216,Potentially novel,Bioactive-like
Sequence_488,1,0.9585,0.5213,Potentially novel,Bioactive-like
Sequence_489,1,0.9477,0.5239,Potentially novel,Bioactive-like
Sequence_490,1,0.9623,0.5204,Potentially novel,Bioactive-like
Sequence_491,1,0.9625,0.5204,Potentially novel,Bioactive-like
Sequence_492,2,0.9796,0.5164,Potentially novel,Bioactive-like
Sequence_493,2,0.9741,0.5177,Potentially novel,Bioactive-like
Sequence_494,2,0.9616,0.5206,Potentially novel,Bioactive-like
Sequence_495,1,0.9648,0.5198,Potentially novel,Bioactive-like
Sequence_496,1,0.9702,0.5186,Potentially novel,Bioactive-like
Sequence_497,2,0.9669,0.5193,Potentially novel,Bioactive-like
Sequence_498,2,0.9427,0.5251,Potentially novel,Bioactive-like
Sequence_499,2,0.9638,0.5201,Potentially novel,Bioactive-like
Sequence_500,1,0.9759,0.5172,Potentially novel,Bioactive-like
Sequence_501,2,0.9455,0.5244,Potentially novel,Bioactive-like
Sequence_502,2,0.9654,0.5197,Potentially novel,Bioactive-like
Sequence_503,1,0.9832,0.5155,Potentially novel,Bioactive-like
Sequence_504,1,1.0,0.5117,Potentially novel,Bioactive-like
Sequence_505,1,0.9633,0.5202,Potentially novel,Bioactive-like
Sequence_506,1,0.9717,0.5182,Potentially novel,Bioactive-like
Sequence_507,1,0.9684,0.519,Potentially novel,Bioactive-like
Sequence_508,2,0.9456,0.5244,Potentially novel,Bioactive-like
Sequence_509,2,0.953,0.5226,Potentially novel,Bioactive-like
Sequence_510,2,0.9422,0.5252,Potentially novel,Bioactive-like
Sequence_511,2,0.9696,0.5187,Potentially novel,Bioactive-like
Sequence_512,1,0.976,0.5172,Potentially novel,Bioactive-like
Sequence_513,1,0.9779,0.5168,Potentially novel,Bioactive-like
Sequence_514,2,0.9813,0.516,Potentially novel,Enzyme-like
Sequence_515,1,0.9802,0.5162,Potentially novel,Enzyme-like
Sequence_516,1,0.9744,0.5176,Potentially novel,Bioactive-like
Sequence_517,2,0.9857,0.515,Potentially novel,Bioactive-like
Sequence_518,1,0.9394,0.5259,Potentially novel,Bioactive-like
Sequence_519,2,0.9529,0.5226,Potentially novel,Bioactive-like
Sequence_520,2,0.9759,0.5172,Potentially novel,Bioactive-like
Sequence_521,1,0.9562,0.5219,Potentially novel,Bioactive-like
Sequence_522,1,0.9551,0.5221,Potentially novel,Bioactive-like
Sequence_523,2,0.9648,0.5198,Potentially novel,Bioactive-like
Sequence_524,1,0.93,0.5281,Potentially novel,Bioactive-like
Sequence_525,2,0.9495,0.5235,Potentially novel,Bioactive-like
Sequence_526,1,0.9831,0.5156,Potentially novel,Bioactive-like
Sequence_527,1,0.9645,0.5199,Potentially novel,Bioactive-like
Sequence_528,1,0.9674,0.5192,Potentially novel,Enzyme-like
Sequence_529,2,0.9704,0.5185,Potentially novel,Bioactive-like
Sequence_530,2,0.9519,0.5229,Potentially novel,Bioactive-like
Sequence_531,1,0.9624,0.5204,Potentially novel,Bioactive-like
Sequence_532,1,0.9583,0.5214,Potentially novel,Bioactive-like
Sequence_533,2,0.939,0.526,Potentially novel,Bioactive-like
Sequence_534,1,0.935,0.5269,Potentially novel,Bioactive-like
Sequence_535,2,0.9501,0.5233,Potentially novel,Bioactive-like
Sequence_536,1,0.9644,0.5199,Potentially novel,Bioactive-like
Sequence_537,1,0.9641,0.52,Potentially novel,Bioactive-like
Sequence_538,2,0.9521,0.5228,Potentially novel,Bioactive-like
Sequence_539,2,0.9654,0.5197,Potentially novel,Bioactive-like
Sequence_540,1,0.9599,0.521,Potentially novel,Bioactive-like
Sequence_541,1,0.957,0.5217,Potentially novel,Enzyme-like
Sequence_542,2,0.9569,0.5217,Potentially novel,Bioactive-like
Sequence_543,2,0.9566,0.5218,Potentially novel,Bioactive-like
Sequence_544,1,0.9768,0.517,Potentially novel,Bioactive-like
Sequence_545,1,0.9751,0.5174,Potentially novel,Bioactive-like
Sequence_546,1,0.9595,0.5211,Potentially novel,Bioactive-like
Sequence_547,1,0.956,0.5219,Potentially novel,Bioactive-like
Sequence_548,1,0.9605,0.5208,Potentially novel,Bioactive-like
Sequence_549,1,0.9646,0.5199,Potentially novel,Bioactive-like
Sequence_550,1,0.9685,0.5189,Potentially novel,Enzyme-like
Sequence_551,1,0.9487,0.5236,Potentially novel,Bioactive-like
Sequence_552,2,0.9548,0.5222,Potentially novel,Bioactive-like
Sequence_553,1,0.9549,0.5222,Potentially novel,Bioactive-like
Sequence_554,2,0.9418,0.5253,Potentially novel,Bioactive-like
Sequence_555,2,0.9577,0.5215,Potentially novel,Bioactive-like
Sequence_556,1,0.9705,0.5185,Potentially novel,Bioactive-like
Sequence_557,1,0.9694,0.5187,Potentially novel,Bioactive-like
Sequence_558,2,0.958,0.5214,Potentially novel,Bioactive-like
Sequence_559,1,0.9633,0.5202,Potentially novel,Bioactive-like
Sequence_560,1,0.9648,0.5198,Potentially novel,Bioactive-like
Sequence_561,1,0.9618,0.5205,Potentially novel,Bioactive-like
Sequence_562,1,0.9676,0.5192,Potentially novel,Bioactive-like
Sequence_563,1,0.9902,0.5139,Potentially novel,Enzyme-like
Sequence_564,2,0.9352,0.5269,Potentially novel,Bioactive-like
Sequence_565,1,0.9928,0.5133,Potentially novel,Bioactive-like
Sequence_566,1,0.9688,0.5189,Potentially novel,Bioactive-like
Sequence_567,1,0.9832,0.5155,Potentially novel,AT-rich (structural)
Sequence_568,2,0.9814,0.516,Potentially novel,Bioactive-like
Sequence_569,1,0.9727,0.518,Potentially novel,Enzyme-like
Sequence_570,2,0.9773,0.5169,Potentially novel,Bioactive-like
Sequence_571,2,0.9751,0.5174,Potentially novel,Bioactive-like
Sequence_572,1,0.9627,0.5203,Potentially novel,Bioactive-like
Sequence_573,2,0.9769,0.517,Potentially novel,Bioactive-like
Sequence_574,1,0.9912,0.5137,Potentially novel,Bioactive-like
Sequence_575,2,0.9796,0.5164,Potentially novel,Bioactive-like
Sequence_576,1,0.9856,0.515,Potentially novel,Bioactive-like
Sequence_577,2,0.9689,0.5189,Potentially novel,Bioactive-like
Sequence_578,2,0.9592,0.5212,Potentially novel,Bioactive-like
Sequence_579,1,0.9679,0.5191,Potentially novel,Enzyme-like
Sequence_580,2,0.9621,0.5205,Potentially novel,Bioactive-like
Sequence_581,1,0.9687,0.5189,Potentially novel,Bioactive-like
Sequence_582,1,0.9888,0.5142,Potentially novel,Enzyme-like
Sequence_583,2,0.9712,0.5183,Potentially novel,Bioactive-like
Sequence_584,2,0.9626,0.5203,Potentially novel,Bioactive-like
Sequence_585,2,0.9777,0.5168,Potentially novel,Bioactive-like
Sequence_586,2,0.9486,0.5237,Potentially novel,Bioactive-like
Sequence_587,2,0.9604,0.5209,Potentially novel,Bioactive-like
Sequence_588,1,0.9794,0.5164,Potentially novel,Bioactive-like
Sequence_589,1,0.9657,0.5196,Potentially novel,Bioactive-like
Sequence_590,2,0.9621,0.5205,Potentially novel,Bioactive-like
Sequence_591,2,0.9236,0.5297,Potentially novel,Bioactive-like
Sequence_592,2,0.9393,0.5259,Potentially novel,Bioactive-like
Sequence_593,1,0.9704,0.5185,Potentially novel,Bioactive-like
Sequence_594,2,0.9598,0.521,Potentially novel,Bioactive-like
Sequence_595,1,0.9652,0.5197,Potentially novel,Bioactive-like
Sequence_596,2,0.9764,0.5171,Potentially novel,Bioactive-like
Sequence_597,1,0.9735,0.5178,Potentially novel,Enzyme-like
Sequence_598,1,0.9604,0.5209,Potentially novel,Bioactive-like
Sequence_599,2,0.955,0.5221,Potentially novel,Bioactive-like
